product_id,stock_in,quantity_sold,quantity_returned,predicted_shrinkage
P001,150,120,5,32.59596166530521
P002,180,160,10,19.43206369258138
P003,200,190,8,13.005724394089697
P004,140,130,3,16.35356993231092
P005,170,150,6,23.163338055421235
P006,160,140,5,23.888328106868798
P007,190,180,7,13.730714445537274
P008,175,160,8,16.80533173527482
P009,165,150,6,18.53241655718645
P010,155,145,4,15.767132240371666
